name,name_english,image,pdf_flashcards,pdf_worksheet,language,theme,subtheme,subtheme_no_language
la calle,The Street,http://fivesomnimedia.com/projects/sfs/sfs_site_spanish/theme_city/subtheme/subtheme_image/subtheme_image_street.jpg,http://fivesomnimedia.com/projects/sfs/sfs_site_spanish/theme_city/subtheme/subtheme_flashcards/subtheme_street_flashcards.pdf,http://fivesomnimedia.com/projects/sfs/sfs_site_spanish/theme_city/subtheme/subtheme_worksheets/subtheme_street_worksheets.pdf,spanish,city_spanish,street_spanish,street
los edificios,The Buildings,http://fivesomnimedia.com/projects/sfs/sfs_site_spanish/theme_city/subtheme/subtheme_image/subtheme_image_buildings.jpg,http://fivesomnimedia.com/projects/sfs/sfs_site_spanish/theme_city/subtheme/subtheme_flashcards/subtheme_buildings_flashcards.pdf,http://fivesomnimedia.com/projects/sfs/sfs_site_spanish/theme_city/subtheme/subtheme_worksheets/subtheme_buildings_worksheets.pdf,spanish,city_spanish,buildings_spanish,buildings
la transportación,The Transportation,http://fivesomnimedia.com/projects/sfs/sfs_site_spanish/theme_city/subtheme/subtheme_image/subtheme_image_transportation.jpg,http://fivesomnimedia.com/projects/sfs/sfs_site_spanish/theme_city/subtheme/subtheme_flashcards/subtheme_transportation_flashcards.pdf,http://fivesomnimedia.com/projects/sfs/sfs_site_spanish/theme_city/subtheme/subtheme_worksheets/subtheme_transportation_worksheets.pdf,spanish,city_spanish,transportation_spanish,transportation
el carro,The Car,http://fivesomnimedia.com/projects/sfs/sfs_site_spanish/theme_city/subtheme/subtheme_image/subtheme_image_car.jpg,http://fivesomnimedia.com/projects/sfs/sfs_site_spanish/theme_city/subtheme/subtheme_flashcards/subtheme_car_flashcards.pdf,http://fivesomnimedia.com/projects/sfs/sfs_site_spanish/theme_city/subtheme/subtheme_worksheets/subtheme_car_worksheets.pdf,spanish,city_spanish,car_spanish,car
la sala,The Living Room,http://fivesomnimedia.com/projects/sfs/sfs_site_spanish/theme_house/subtheme/subtheme_image/subtheme_image_living_room.jpg,http://fivesomnimedia.com/projects/sfs/sfs_site_spanish/theme_house/subtheme/subtheme_flashcards/subtheme_living_room_flashcards.pdf,http://fivesomnimedia.com/projects/sfs/sfs_site_spanish/theme_house/subtheme/subtheme_worksheets/subtheme_living_room_worksheets.pdf,spanish,house_spanish,living_room_spanish,living_room
la habitación,The Bedroom,http://fivesomnimedia.com/projects/sfs/sfs_site_spanish/theme_house/subtheme/subtheme_image/subtheme_image_bedroom.jpg,http://fivesomnimedia.com/projects/sfs/sfs_site_spanish/theme_house/subtheme/subtheme_flashcards/subtheme_bedroom_flashcards.pdf,http://fivesomnimedia.com/projects/sfs/sfs_site_spanish/theme_house/subtheme/subtheme_worksheets/subtheme_bedroom_worksheets.pdf,spanish,house_spanish,bedroom_spanish,bedroom
la cocina,The Kitchen,http://fivesomnimedia.com/projects/sfs/sfs_site_spanish/theme_house/subtheme/subtheme_image/subtheme_image_kitchen.jpg,http://fivesomnimedia.com/projects/sfs/sfs_site_spanish/theme_house/subtheme/subtheme_flashcards/subtheme_kitchen_flashcards.pdf,http://fivesomnimedia.com/projects/sfs/sfs_site_spanish/theme_house/subtheme/subtheme_worksheets/subtheme_kitchen_worksheets.pdf,spanish,house_spanish,kitchen_spanish,kitchen
el baño,The Bathroom,http://fivesomnimedia.com/projects/sfs/sfs_site_spanish/theme_house/subtheme/subtheme_image/subtheme_image_bathroom.jpg,http://fivesomnimedia.com/projects/sfs/sfs_site_spanish/theme_house/subtheme/subtheme_flashcards/subtheme_bathroom_flashcards.pdf,http://fivesomnimedia.com/projects/sfs/sfs_site_spanish/theme_house/subtheme/subtheme_worksheets/subtheme_bathroom_worksheets.pdf,spanish,house_spanish,bathroom_spanish,bathroom
la escuela,The School,http://fivesomnimedia.com/projects/sfs/sfs_site_spanish/theme_school/subtheme/subtheme_image/subtheme_image_school.jpg,http://fivesomnimedia.com/projects/sfs/sfs_site_spanish/theme_school/subtheme/subtheme_flashcards/subtheme_school_flashcards.pdf,http://fivesomnimedia.com/projects/sfs/sfs_site_spanish/theme_school/subtheme/subtheme_worksheets/subtheme_school_worksheets.pdf,spanish,school_spanish,school_spanish,school
la mochila,The Backpack,http://fivesomnimedia.com/projects/sfs/sfs_site_spanish/theme_school/subtheme/subtheme_image/subtheme_image_backpack.jpg,http://fivesomnimedia.com/projects/sfs/sfs_site_spanish/theme_school/subtheme/subtheme_flashcards/subtheme_backpack_flashcards.pdf,http://fivesomnimedia.com/projects/sfs/sfs_site_spanish/theme_school/subtheme/subtheme_worksheets/subtheme_backpack_worksheets.pdf,spanish,school_spanish,backpack_spanish,backpack
las materias,The Subjects,http://fivesomnimedia.com/projects/sfs/sfs_site_spanish/theme_school/subtheme/subtheme_image/subtheme_image_subjects.jpg,http://fivesomnimedia.com/projects/sfs/sfs_site_spanish/theme_school/subtheme/subtheme_flashcards/subtheme_subjects_flashcards.pdf,http://fivesomnimedia.com/projects/sfs/sfs_site_spanish/theme_school/subtheme/subtheme_worksheets/subtheme_subjects_worksheets.pdf,spanish,school_spanish,subjects_spanish,subjects
la lección,The Lesson,http://fivesomnimedia.com/projects/sfs/sfs_site_spanish/theme_school/subtheme/subtheme_image/subtheme_image_lesson.jpg,http://fivesomnimedia.com/projects/sfs/sfs_site_spanish/theme_school/subtheme/subtheme_flashcards/subtheme_lesson_flashcards.pdf,http://fivesomnimedia.com/projects/sfs/sfs_site_spanish/theme_school/subtheme/subtheme_worksheets/subtheme_lesson_worksheets.pdf,spanish,school_spanish,lesson_spanish,lesson
el viaje,The Trip,http://fivesomnimedia.com/projects/sfs/sfs_site_spanish/theme_the_trip/subtheme/subtheme_image/subtheme_image_the_trip.jpg,http://fivesomnimedia.com/projects/sfs/sfs_site_spanish/theme_the_trip/subtheme/subtheme_flashcards/subtheme_the_trip_flashcards.pdf,http://fivesomnimedia.com/projects/sfs/sfs_site_spanish/theme_the_trip/subtheme/subtheme_worksheets/subtheme_the_trip_worksheets.pdf,spanish,the_trip_spanish,the_trip_spanish,the_trip
el aeropuerto,The Airport,http://fivesomnimedia.com/projects/sfs/sfs_site_spanish/theme_the_trip/subtheme/subtheme_image/subtheme_image_airport.jpg,http://fivesomnimedia.com/projects/sfs/sfs_site_spanish/theme_the_trip/subtheme/subtheme_flashcards/subtheme_airport_flashcards.pdf,http://fivesomnimedia.com/projects/sfs/sfs_site_spanish/theme_the_trip/subtheme/subtheme_worksheets/subtheme_airport_worksheets.pdf,spanish,the_trip_spanish,airport_spanish,airport
el hotel,The Hotel,http://fivesomnimedia.com/projects/sfs/sfs_site_spanish/theme_the_trip/subtheme/subtheme_image/subtheme_image_hotel.jpg,http://fivesomnimedia.com/projects/sfs/sfs_site_spanish/theme_the_trip/subtheme/subtheme_flashcards/subtheme_hotel_flashcards.pdf,http://fivesomnimedia.com/projects/sfs/sfs_site_spanish/theme_the_trip/subtheme/subtheme_worksheets/subtheme_hotel_worksheets.pdf,spanish,the_trip_spanish,hotel_spanish,hotel
la playa,The Beach,http://fivesomnimedia.com/projects/sfs/sfs_site_spanish/theme_the_trip/subtheme/subtheme_image/subtheme_image_beach.jpg,http://fivesomnimedia.com/projects/sfs/sfs_site_spanish/theme_the_trip/subtheme/subtheme_flashcards/subtheme_beach_flashcards.pdf,http://fivesomnimedia.com/projects/sfs/sfs_site_spanish/theme_the_trip/subtheme/subtheme_worksheets/subtheme_beach_worksheets.pdf,spanish,the_trip_spanish,beach_spanish,beach
la ciudad,The City,http://fivesomnimedia.com/projects/sfs/sfs_site_spanish/theme_verbs/subtheme/subtheme_image/subtheme_image_city.jpg,http://fivesomnimedia.com/projects/sfs/sfs_site_spanish/theme_verbs/subtheme/subtheme_flashcards/subtheme_city_flashcards.pdf,http://fivesomnimedia.com/projects/sfs/sfs_site_spanish/theme_verbs/subtheme/subtheme_worksheets/subtheme_city_worksheets.pdf,spanish,verbs_spanish,city_spanish,city
la casa,The House,http://fivesomnimedia.com/projects/sfs/sfs_site_spanish/theme_verbs/subtheme/subtheme_image/subtheme_image_house.jpg,http://fivesomnimedia.com/projects/sfs/sfs_site_spanish/theme_verbs/subtheme/subtheme_flashcards/subtheme_house_flashcards.pdf,http://fivesomnimedia.com/projects/sfs/sfs_site_spanish/theme_verbs/subtheme/subtheme_worksheets/subtheme_house_worksheets.pdf,spanish,verbs_spanish,house_spanish,house
la rue,The Street,http://fivesomnimedia.com/projects/sfs/sfs_site_french/theme_city/subtheme/subtheme_image/subtheme_image_street.jpg,http://fivesomnimedia.com/projects/sfs/sfs_site_french/theme_city/subtheme/subtheme_flashcards/subtheme_street_flashcards.pdf,http://fivesomnimedia.com/projects/sfs/sfs_site_french/theme_city/subtheme/subtheme_worksheets/subtheme_street_worksheets.pdf,french,city_french,street_french,street
les bâtiments,The Buildings,http://fivesomnimedia.com/projects/sfs/sfs_site_french/theme_city/subtheme/subtheme_image/subtheme_image_buildings.jpg,http://fivesomnimedia.com/projects/sfs/sfs_site_french/theme_city/subtheme/subtheme_flashcards/subtheme_buildings_flashcards.pdf,http://fivesomnimedia.com/projects/sfs/sfs_site_french/theme_city/subtheme/subtheme_worksheets/subtheme_buildings_worksheets.pdf,french,city_french,buildings_french,buildings
le transport,The Transportation,http://fivesomnimedia.com/projects/sfs/sfs_site_french/theme_city/subtheme/subtheme_image/subtheme_image_transportation.jpg,http://fivesomnimedia.com/projects/sfs/sfs_site_french/theme_city/subtheme/subtheme_flashcards/subtheme_transportation_flashcards.pdf,http://fivesomnimedia.com/projects/sfs/sfs_site_french/theme_city/subtheme/subtheme_worksheets/subtheme_transportation_worksheets.pdf,french,city_french,transportation_french,transportation
la voiture,The Car,http://fivesomnimedia.com/projects/sfs/sfs_site_french/theme_city/subtheme/subtheme_image/subtheme_image_car.jpg,http://fivesomnimedia.com/projects/sfs/sfs_site_french/theme_city/subtheme/subtheme_flashcards/subtheme_car_flashcards.pdf,http://fivesomnimedia.com/projects/sfs/sfs_site_french/theme_city/subtheme/subtheme_worksheets/subtheme_car_worksheets.pdf,french,city_french,car_french,car
chambre,The Living Room,http://fivesomnimedia.com/projects/sfs/sfs_site_french/theme_house/subtheme/subtheme_image/subtheme_image_living_room.jpg,http://fivesomnimedia.com/projects/sfs/sfs_site_french/theme_house/subtheme/subtheme_flashcards/subtheme_living_room_flashcards.pdf,http://fivesomnimedia.com/projects/sfs/sfs_site_french/theme_house/subtheme/subtheme_worksheets/subtheme_living_room_worksheets.pdf,french,house_french,living_room_french,living_room
chambre,The Bedroom,http://fivesomnimedia.com/projects/sfs/sfs_site_french/theme_house/subtheme/subtheme_image/subtheme_image_bedroom.jpg,http://fivesomnimedia.com/projects/sfs/sfs_site_french/theme_house/subtheme/subtheme_flashcards/subtheme_bedroom_flashcards.pdf,http://fivesomnimedia.com/projects/sfs/sfs_site_french/theme_house/subtheme/subtheme_worksheets/subtheme_bedroom_worksheets.pdf,french,house_french,bedroom_french,bedroom
cuisine,The Kitchen,http://fivesomnimedia.com/projects/sfs/sfs_site_french/theme_house/subtheme/subtheme_image/subtheme_image_kitchen.jpg,http://fivesomnimedia.com/projects/sfs/sfs_site_french/theme_house/subtheme/subtheme_flashcards/subtheme_kitchen_flashcards.pdf,http://fivesomnimedia.com/projects/sfs/sfs_site_french/theme_house/subtheme/subtheme_worksheets/subtheme_kitchen_worksheets.pdf,french,house_french,kitchen_french,kitchen
bain,The Bathroom,http://fivesomnimedia.com/projects/sfs/sfs_site_french/theme_house/subtheme/subtheme_image/subtheme_image_bathroom.jpg,http://fivesomnimedia.com/projects/sfs/sfs_site_french/theme_house/subtheme/subtheme_flashcards/subtheme_bathroom_flashcards.pdf,http://fivesomnimedia.com/projects/sfs/sfs_site_french/theme_house/subtheme/subtheme_worksheets/subtheme_bathroom_worksheets.pdf,french,house_french,bathroom_french,bathroom
l’école,The School,http://fivesomnimedia.com/projects/sfs/sfs_site_french/theme_school/subtheme/subtheme_image/subtheme_image_school.jpg,http://fivesomnimedia.com/projects/sfs/sfs_site_french/theme_school/subtheme/subtheme_flashcards/subtheme_school_flashcards.pdf,http://fivesomnimedia.com/projects/sfs/sfs_site_french/theme_school/subtheme/subtheme_worksheets/subtheme_school_worksheets.pdf,french,school_french,school_french,school
le sac à dos,The Backpack,http://fivesomnimedia.com/projects/sfs/sfs_site_french/theme_school/subtheme/subtheme_image/subtheme_image_backpack.jpg,http://fivesomnimedia.com/projects/sfs/sfs_site_french/theme_school/subtheme/subtheme_flashcards/subtheme_backpack_flashcards.pdf,http://fivesomnimedia.com/projects/sfs/sfs_site_french/theme_school/subtheme/subtheme_worksheets/subtheme_backpack_worksheets.pdf,french,school_french,backpack_french,backpack
les matières,The Subjects,http://fivesomnimedia.com/projects/sfs/sfs_site_french/theme_school/subtheme/subtheme_image/subtheme_image_subjects.jpg,http://fivesomnimedia.com/projects/sfs/sfs_site_french/theme_school/subtheme/subtheme_flashcards/subtheme_subjects_flashcards.pdf,http://fivesomnimedia.com/projects/sfs/sfs_site_french/theme_school/subtheme/subtheme_worksheets/subtheme_subjects_worksheets.pdf,french,school_french,subjects_french,subjects
la leçon,The Lesson,http://fivesomnimedia.com/projects/sfs/sfs_site_french/theme_school/subtheme/subtheme_image/subtheme_image_lesson.jpg,http://fivesomnimedia.com/projects/sfs/sfs_site_french/theme_school/subtheme/subtheme_flashcards/subtheme_lesson_flashcards.pdf,http://fivesomnimedia.com/projects/sfs/sfs_site_french/theme_school/subtheme/subtheme_worksheets/subtheme_lesson_worksheets.pdf,french,school_french,lesson_french,lesson
le voyage,The Trip,http://fivesomnimedia.com/projects/sfs/sfs_site_french/theme_the_trip/subtheme/subtheme_image/subtheme_image_the_trip.jpg,http://fivesomnimedia.com/projects/sfs/sfs_site_french/theme_the_trip/subtheme/subtheme_flashcards/subtheme_the_trip_flashcards.pdf,http://fivesomnimedia.com/projects/sfs/sfs_site_french/theme_the_trip/subtheme/subtheme_worksheets/subtheme_the_trip_worksheets.pdf,french,the_trip_french,the_trip_french,the_trip
l’aéroport,The Airport,http://fivesomnimedia.com/projects/sfs/sfs_site_french/theme_the_trip/subtheme/subtheme_image/subtheme_image_airport.jpg,http://fivesomnimedia.com/projects/sfs/sfs_site_french/theme_the_trip/subtheme/subtheme_flashcards/subtheme_airport_flashcards.pdf,http://fivesomnimedia.com/projects/sfs/sfs_site_french/theme_the_trip/subtheme/subtheme_worksheets/subtheme_airport_worksheets.pdf,french,the_trip_french,airport_french,airport
l’hôtel,The Hotel,http://fivesomnimedia.com/projects/sfs/sfs_site_french/theme_the_trip/subtheme/subtheme_image/subtheme_image_hotel.jpg,http://fivesomnimedia.com/projects/sfs/sfs_site_french/theme_the_trip/subtheme/subtheme_flashcards/subtheme_hotel_flashcards.pdf,http://fivesomnimedia.com/projects/sfs/sfs_site_french/theme_the_trip/subtheme/subtheme_worksheets/subtheme_hotel_worksheets.pdf,french,the_trip_french,hotel_french,hotel
la plage,The Beach,http://fivesomnimedia.com/projects/sfs/sfs_site_french/theme_the_trip/subtheme/subtheme_image/subtheme_image_beach.jpg,http://fivesomnimedia.com/projects/sfs/sfs_site_french/theme_the_trip/subtheme/subtheme_flashcards/subtheme_beach_flashcards.pdf,http://fivesomnimedia.com/projects/sfs/sfs_site_french/theme_the_trip/subtheme/subtheme_worksheets/subtheme_beach_worksheets.pdf,french,the_trip_french,beach_french,beach
La Ville,The City,http://fivesomnimedia.com/projects/sfs/sfs_site_french/theme_verbs/subtheme/subtheme_image/subtheme_image_city.jpg,http://fivesomnimedia.com/projects/sfs/sfs_site_french/theme_verbs/subtheme/subtheme_flashcards/subtheme_city_flashcards.pdf,http://fivesomnimedia.com/projects/sfs/sfs_site_french/theme_verbs/subtheme/subtheme_worksheets/subtheme_city_worksheets.pdf,french,verbs_french,city_french,city
La Maison,The House,http://fivesomnimedia.com/projects/sfs/sfs_site_french/theme_verbs/subtheme/subtheme_image/subtheme_image_house.jpg,http://fivesomnimedia.com/projects/sfs/sfs_site_french/theme_verbs/subtheme/subtheme_flashcards/subtheme_house_flashcards.pdf,http://fivesomnimedia.com/projects/sfs/sfs_site_french/theme_verbs/subtheme/subtheme_worksheets/subtheme_house_worksheets.pdf,french,verbs_french,house_french,house
L’École,The School,http://fivesomnimedia.com/projects/sfs/sfs_site_french/theme_verbs/subtheme/subtheme_image/subtheme_image_school.jpg,http://fivesomnimedia.com/projects/sfs/sfs_site_french/theme_verbs/subtheme/subtheme_flashcards/subtheme_school_flashcards.pdf,http://fivesomnimedia.com/projects/sfs/sfs_site_french/theme_verbs/subtheme/subtheme_worksheets/subtheme_school_worksheets.pdf,french,verbs_french,school_french,school
Le Voyage,The Trip,http://fivesomnimedia.com/projects/sfs/sfs_site_french/theme_verbs/subtheme/subtheme_image/subtheme_image_the_trip.jpg,http://fivesomnimedia.com/projects/sfs/sfs_site_french/theme_verbs/subtheme/subtheme_flashcards/subtheme_the_trip_flashcards.pdf,http://fivesomnimedia.com/projects/sfs/sfs_site_french/theme_verbs/subtheme/subtheme_worksheets/subtheme_the_trip_worksheets.pdf,french,verbs_french,the_trip_french,the_trip
đường phố,The Street,http://fivesomnimedia.com/projects/sfs/sfs_site_vietnamese/theme_city/subtheme/subtheme_image/subtheme_image_street.jpg,http://fivesomnimedia.com/projects/sfs/sfs_site_vietnamese/theme_city/subtheme/subtheme_flashcards/subtheme_street_flashcards.pdf,http://fivesomnimedia.com/projects/sfs/sfs_site_vietnamese/theme_city/subtheme/subtheme_worksheets/subtheme_street_worksheets.pdf,vietnamese,city_vietnamese,street_vietnamese,street
tòa nhà nhiều tầng,The Buildings,http://fivesomnimedia.com/projects/sfs/sfs_site_vietnamese/theme_city/subtheme/subtheme_image/subtheme_image_buildings.jpg,http://fivesomnimedia.com/projects/sfs/sfs_site_vietnamese/theme_city/subtheme/subtheme_flashcards/subtheme_buildings_flashcards.pdf,http://fivesomnimedia.com/projects/sfs/sfs_site_vietnamese/theme_city/subtheme/subtheme_worksheets/subtheme_buildings_worksheets.pdf,vietnamese,city_vietnamese,buildings_vietnamese,buildings
giao thông,The Transportation,http://fivesomnimedia.com/projects/sfs/sfs_site_vietnamese/theme_city/subtheme/subtheme_image/subtheme_image_transportation.jpg,http://fivesomnimedia.com/projects/sfs/sfs_site_vietnamese/theme_city/subtheme/subtheme_flashcards/subtheme_transportation_flashcards.pdf,http://fivesomnimedia.com/projects/sfs/sfs_site_vietnamese/theme_city/subtheme/subtheme_worksheets/subtheme_transportation_worksheets.pdf,vietnamese,city_vietnamese,transportation_vietnamese,transportation
xe ô tô,The Car,http://fivesomnimedia.com/projects/sfs/sfs_site_vietnamese/theme_city/subtheme/subtheme_image/subtheme_image_car.jpg,http://fivesomnimedia.com/projects/sfs/sfs_site_vietnamese/theme_city/subtheme/subtheme_flashcards/subtheme_car_flashcards.pdf,http://fivesomnimedia.com/projects/sfs/sfs_site_vietnamese/theme_city/subtheme/subtheme_worksheets/subtheme_car_worksheets.pdf,vietnamese,city_vietnamese,car_vietnamese,car
phòng khách,The Living Room,http://fivesomnimedia.com/projects/sfs/sfs_site_vietnamese/theme_house/subtheme/subtheme_image/subtheme_image_living_room.jpg,http://fivesomnimedia.com/projects/sfs/sfs_site_vietnamese/theme_house/subtheme/subtheme_flashcards/subtheme_living_room_flashcards.pdf,http://fivesomnimedia.com/projects/sfs/sfs_site_vietnamese/theme_house/subtheme/subtheme_worksheets/subtheme_living_room_worksheets.pdf,vietnamese,house_vietnamese,living_room_vietnamese,living_room
phòng ngủ,The Bedroom,http://fivesomnimedia.com/projects/sfs/sfs_site_vietnamese/theme_house/subtheme/subtheme_image/subtheme_image_bedroom.jpg,http://fivesomnimedia.com/projects/sfs/sfs_site_vietnamese/theme_house/subtheme/subtheme_flashcards/subtheme_bedroom_flashcards.pdf,http://fivesomnimedia.com/projects/sfs/sfs_site_vietnamese/theme_house/subtheme/subtheme_worksheets/subtheme_bedroom_worksheets.pdf,vietnamese,house_vietnamese,bedroom_vietnamese,bedroom
nhà bếp,The Kitchen,http://fivesomnimedia.com/projects/sfs/sfs_site_vietnamese/theme_house/subtheme/subtheme_image/subtheme_image_kitchen.jpg,http://fivesomnimedia.com/projects/sfs/sfs_site_vietnamese/theme_house/subtheme/subtheme_flashcards/subtheme_kitchen_flashcards.pdf,http://fivesomnimedia.com/projects/sfs/sfs_site_vietnamese/theme_house/subtheme/subtheme_worksheets/subtheme_kitchen_worksheets.pdf,vietnamese,house_vietnamese,kitchen_vietnamese,kitchen
phòng tắm,The Bathroom,http://fivesomnimedia.com/projects/sfs/sfs_site_vietnamese/theme_house/subtheme/subtheme_image/subtheme_image_bathroom.jpg,http://fivesomnimedia.com/projects/sfs/sfs_site_vietnamese/theme_house/subtheme/subtheme_flashcards/subtheme_bathroom_flashcards.pdf,http://fivesomnimedia.com/projects/sfs/sfs_site_vietnamese/theme_house/subtheme/subtheme_worksheets/subtheme_bathroom_worksheets.pdf,vietnamese,house_vietnamese,bathroom_vietnamese,bathroom
trường học,The School,http://fivesomnimedia.com/projects/sfs/sfs_site_vietnamese/theme_school/subtheme/subtheme_image/subtheme_image_school.jpg,http://fivesomnimedia.com/projects/sfs/sfs_site_vietnamese/theme_school/subtheme/subtheme_flashcards/subtheme_school_flashcards.pdf,http://fivesomnimedia.com/projects/sfs/sfs_site_vietnamese/theme_school/subtheme/subtheme_worksheets/subtheme_school_worksheets.pdf,vietnamese,school_vietnamese,school_vietnamese,school
cái ba lô,The Backpack,http://fivesomnimedia.com/projects/sfs/sfs_site_vietnamese/theme_school/subtheme/subtheme_image/subtheme_image_backpack.jpg,http://fivesomnimedia.com/projects/sfs/sfs_site_vietnamese/theme_school/subtheme/subtheme_flashcards/subtheme_backpack_flashcards.pdf,http://fivesomnimedia.com/projects/sfs/sfs_site_vietnamese/theme_school/subtheme/subtheme_worksheets/subtheme_backpack_worksheets.pdf,vietnamese,school_vietnamese,backpack_vietnamese,backpack
các môn học,The Subjects,http://fivesomnimedia.com/projects/sfs/sfs_site_vietnamese/theme_school/subtheme/subtheme_image/subtheme_image_subjects.jpg,http://fivesomnimedia.com/projects/sfs/sfs_site_vietnamese/theme_school/subtheme/subtheme_flashcards/subtheme_subjects_flashcards.pdf,http://fivesomnimedia.com/projects/sfs/sfs_site_vietnamese/theme_school/subtheme/subtheme_worksheets/subtheme_subjects_worksheets.pdf,vietnamese,school_vietnamese,subjects_vietnamese,subjects
bài học,The Lesson,http://fivesomnimedia.com/projects/sfs/sfs_site_vietnamese/theme_school/subtheme/subtheme_image/subtheme_image_lesson.jpg,http://fivesomnimedia.com/projects/sfs/sfs_site_vietnamese/theme_school/subtheme/subtheme_flashcards/subtheme_lesson_flashcards.pdf,http://fivesomnimedia.com/projects/sfs/sfs_site_vietnamese/theme_school/subtheme/subtheme_worksheets/subtheme_lesson_worksheets.pdf,vietnamese,school_vietnamese,lesson_vietnamese,lesson
cuộc du ngoạn,The Trip,http://fivesomnimedia.com/projects/sfs/sfs_site_vietnamese/theme_the_trip/subtheme/subtheme_image/subtheme_image_the_trip.jpg,http://fivesomnimedia.com/projects/sfs/sfs_site_vietnamese/theme_the_trip/subtheme/subtheme_flashcards/subtheme_the_trip_flashcards.pdf,http://fivesomnimedia.com/projects/sfs/sfs_site_vietnamese/theme_the_trip/subtheme/subtheme_worksheets/subtheme_the_trip_worksheets.pdf,vietnamese,the_trip_vietnamese,the_trip_vietnamese,the_trip
sân bay,The Airport,http://fivesomnimedia.com/projects/sfs/sfs_site_vietnamese/theme_the_trip/subtheme/subtheme_image/subtheme_image_airport.jpg,http://fivesomnimedia.com/projects/sfs/sfs_site_vietnamese/theme_the_trip/subtheme/subtheme_flashcards/subtheme_airport_flashcards.pdf,http://fivesomnimedia.com/projects/sfs/sfs_site_vietnamese/theme_the_trip/subtheme/subtheme_worksheets/subtheme_airport_worksheets.pdf,vietnamese,the_trip_vietnamese,airport_vietnamese,airport
khách sạn,The Hotel,http://fivesomnimedia.com/projects/sfs/sfs_site_vietnamese/theme_the_trip/subtheme/subtheme_image/subtheme_image_hotel.jpg,http://fivesomnimedia.com/projects/sfs/sfs_site_vietnamese/theme_the_trip/subtheme/subtheme_flashcards/subtheme_hotel_flashcards.pdf,http://fivesomnimedia.com/projects/sfs/sfs_site_vietnamese/theme_the_trip/subtheme/subtheme_worksheets/subtheme_hotel_worksheets.pdf,vietnamese,the_trip_vietnamese,hotel_vietnamese,hotel
bãi biển,The Beach,http://fivesomnimedia.com/projects/sfs/sfs_site_vietnamese/theme_the_trip/subtheme/subtheme_image/subtheme_image_beach.jpg,http://fivesomnimedia.com/projects/sfs/sfs_site_vietnamese/theme_the_trip/subtheme/subtheme_flashcards/subtheme_beach_flashcards.pdf,http://fivesomnimedia.com/projects/sfs/sfs_site_vietnamese/theme_the_trip/subtheme/subtheme_worksheets/subtheme_beach_worksheets.pdf,vietnamese,the_trip_vietnamese,beach_vietnamese,beach
thành phố,The City,http://fivesomnimedia.com/projects/sfs/sfs_site_vietnamese/theme_verbs/subtheme/subtheme_image/subtheme_image_city.jpg,http://fivesomnimedia.com/projects/sfs/sfs_site_vietnamese/theme_verbs/subtheme/subtheme_flashcards/subtheme_city_flashcards.pdf,http://fivesomnimedia.com/projects/sfs/sfs_site_vietnamese/theme_verbs/subtheme/subtheme_worksheets/subtheme_city_worksheets.pdf,vietnamese,verbs_vietnamese,city_vietnamese,city
quê hương,The House,http://fivesomnimedia.com/projects/sfs/sfs_site_vietnamese/theme_verbs/subtheme/subtheme_image/subtheme_image_house.jpg,http://fivesomnimedia.com/projects/sfs/sfs_site_vietnamese/theme_verbs/subtheme/subtheme_flashcards/subtheme_house_flashcards.pdf,http://fivesomnimedia.com/projects/sfs/sfs_site_vietnamese/theme_verbs/subtheme/subtheme_worksheets/subtheme_house_worksheets.pdf,vietnamese,verbs_vietnamese,house_vietnamese,house
trường học,The School,http://fivesomnimedia.com/projects/sfs/sfs_site_vietnamese/theme_verbs/subtheme/subtheme_image/subtheme_image_school.jpg,http://fivesomnimedia.com/projects/sfs/sfs_site_vietnamese/theme_verbs/subtheme/subtheme_flashcards/subtheme_school_flashcards.pdf,http://fivesomnimedia.com/projects/sfs/sfs_site_vietnamese/theme_verbs/subtheme/subtheme_worksheets/subtheme_school_worksheets.pdf,vietnamese,verbs_vietnamese,school_vietnamese,school
cuộc du ngoạn,The Trip,http://fivesomnimedia.com/projects/sfs/sfs_site_vietnamese/theme_verbs/subtheme/subtheme_image/subtheme_image_the_trip.jpg,http://fivesomnimedia.com/projects/sfs/sfs_site_vietnamese/theme_verbs/subtheme/subtheme_flashcards/subtheme_the_trip_flashcards.pdf,http://fivesomnimedia.com/projects/sfs/sfs_site_vietnamese/theme_verbs/subtheme/subtheme_worksheets/subtheme_the_trip_worksheets.pdf,vietnamese,verbs_vietnamese,the_trip_vietnamese,the_trip