name,name_english,image,pdf,language,theme
La Ciudad,The City,http://fivesomnimedia.com/projects/sfs/sfs_site_spanish/theme_city/theme_image_city.jpg,http://fivesomnimedia.com/projects/sfs/sfs_site_spanish/theme_city/theme_city_coloringbook.pdf,spanish,city_spanish
La Casa,The House,http://fivesomnimedia.com/projects/sfs/sfs_site_spanish/theme_house/theme_image_house.jpg,http://fivesomnimedia.com/projects/sfs/sfs_site_spanish/theme_house/theme_house_coloringbook.pdf,spanish,house_spanish
La Escuela,The School,http://fivesomnimedia.com/projects/sfs/sfs_site_spanish/theme_school/theme_image_school.jpg,http://fivesomnimedia.com/projects/sfs/sfs_site_spanish/theme_school/theme_school_coloringbook.pdf,spanish,school_spanish
El Viaje,The Trip,http://fivesomnimedia.com/projects/sfs/sfs_site_spanish/theme_the_trip/theme_image_trip.jpg,http://fivesomnimedia.com/projects/sfs/sfs_site_spanish/theme_the_trip/theme_the_trip_coloringbook.pdf,spanish,the_trip_spanish
Verbos,Verbs,http://fivesomnimedia.com/projects/sfs/sfs_site_spanish/theme_verbs/theme_image_verbs.jpg,http://fivesomnimedia.com/projects/sfs/sfs_site_spanish/theme_verbs/theme_verbs_coloringbook.pdf,spanish,verbs_spanish
La Ville,The City,http://fivesomnimedia.com/projects/sfs/sfs_site_french/theme_city/theme_image_city.jpg,http://fivesomnimedia.com/projects/sfs/sfs_site_french/theme_city/theme_city_coloringbook.pdf,french,city_french
La Maison,The House,http://fivesomnimedia.com/projects/sfs/sfs_site_french/theme_house/theme_image_house.jpg,http://fivesomnimedia.com/projects/sfs/sfs_site_french/theme_house/theme_house_coloringbook.pdf,french,house_french
L'Ecole,The School,http://fivesomnimedia.com/projects/sfs/sfs_site_french/theme_school/theme_image_school.jpg,http://fivesomnimedia.com/projects/sfs/sfs_site_french/theme_school/theme_school_coloringbook.pdf,french,school_french
Le Voyage,The Trip,http://fivesomnimedia.com/projects/sfs/sfs_site_french/theme_the_trip/theme_image_the_trip.jpg,http://fivesomnimedia.com/projects/sfs/sfs_site_french/theme_the_trip/theme_the_trip_coloringbook.pdf,french,the_trip_french
Verbes,Verbs,http://fivesomnimedia.com/projects/sfs/sfs_site_french/theme_verbs/theme_image_verbs.jpg,http://fivesomnimedia.com/projects/sfs/sfs_site_french/theme_verbs/theme_verbs_coloringbook.pdf,french,verbs_french
thành phố,The City,http://fivesomnimedia.com/projects/sfs/sfs_site_vietnamese/theme_city/theme_image_city.jpg,http://fivesomnimedia.com/projects/sfs/sfs_site_vietnamese/theme_city/theme_city_coloringbook.pdf,vietnamese,city_vietnamese
cái nhà,The House,http://fivesomnimedia.com/projects/sfs/sfs_site_vietnamese/theme_house/theme_image_house.jpg,http://fivesomnimedia.com/projects/sfs/sfs_site_vietnamese/theme_house/theme_house_coloringbook.pdf,vietnamese,house_vietnamese
trường học,The School,http://fivesomnimedia.com/projects/sfs/sfs_site_vietnamese/theme_school/theme_image_school.jpg,http://fivesomnimedia.com/projects/sfs/sfs_site_vietnamese/theme_school/theme_school_coloringbook.pdf,vietnamese,school_vietnamese
cuộc du ngoạn,The Trip,http://fivesomnimedia.com/projects/sfs/sfs_site_vietnamese/theme_the_trip/theme_image_the_trip.jpg,http://fivesomnimedia.com/projects/sfs/sfs_site_vietnamese/theme_the_trip/theme_the_trip_coloringbook.pdf,vietnamese,the_trip_vietnamese
Hành trình,Verbs,http://fivesomnimedia.com/projects/sfs/sfs_site_vietnamese/theme_verbs/theme_image_verbs.jpg,http://fivesomnimedia.com/projects/sfs/sfs_site_vietnamese/theme_verbs/theme_verbs_coloringbook.pdf,vietnamese,verbs_vietnamese